Gene_Symbol	Chromosomal_interval	Transcript	CHROM	POS	TRID	GENE	ID	2025_CAP_A_GT	HGVS_C	HGVS_P
ACTN2 (HGNC:164)	chr1:236902592-236902604	NM_001103.4	1	236902594.0	NM_001103.3	ACTN2	rs2288601;43950	0/1	c.877-8C>G	.
ACTN2 (HGNC:164)	chr1:236902592-236902604	NM_001103.4	1	236902594.0	NM_001278344.1	ACTN2	rs2288601;43950	0/1	c.253-8C>G	.
ACTN2 (HGNC:164)	chr1:236902592-236902604	NM_001103.4	1	236902594.0	NM_001278343.2	ACTN2	rs2288601;43950	0/1	c.877-8C>G	.
ADA (HGNC:186)	chr20:43264922-43264930	NM_000022.4	20	43264927.0	NM_000022.4	ADA	rs394105;402340	1/1	c.36G>A	p.Val12Val
ADA (HGNC:186)	chr20:43264922-43264930	NM_000022.4	20	43264927.0	NM_001322050.1	ADA	rs394105;402340	1/1	c.-254G>A	.
ADA (HGNC:186)	chr20:43264922-43264930	NM_000022.4	20	43264927.0	NM_001322051.1	ADA	rs394105;402340	1/1	c.36G>A	p.Val12Val
ADA (HGNC:186)	chr20:43264922-43264930	NM_000022.4	20	43264927.0	NR_136160.1	ADA	rs394105;402340	1/1	n.187G>A	.
ADA (HGNC:186)	chr20:43264922-43264930	NM_000022.4	20	43264927.0	NM_001322050.1	ADA	rs394105;402340	1/1	c.-254G>A	.
ALK (HGNC:427)	chr2:29416570-29416575	NM_004304.5	2	29416572.0	NM_004304.5	ALK	rs1670283;133472	1/1	c.4381A>G	p.Ile1461Val
ALK (HGNC:427)	chr2:29416570-29416575	NM_004304.5	2	29416572.0	NM_001353765.1	ALK	rs1670283;133472	1/1	c.1177A>G	p.Ile393Val
APC (HGNC:583)	chr5:112176750-112176760	NM_000038.6	5	112176756.0	NM_001354896.2	APC	rs459552;21030	0/1	c.5519T>A	p.Val1840Asp
APC (HGNC:583)	chr5:112176750-112176760	NM_000038.6	5	112176756.0	NM_001127511.3	APC	rs459552;21030	0/1	c.5411T>A	p.Val1804Asp
APC (HGNC:583)	chr5:112176750-112176760	NM_000038.6	5	112176756.0	NM_001354895.2	APC	rs459552;21030	0/1	c.5465T>A	p.Val1822Asp
APC (HGNC:583)	chr5:112176750-112176760	NM_000038.6	5	112176756.0	NM_001354897.2	APC	rs459552;21030	0/1	c.5495T>A	p.Val1832Asp
APC (HGNC:583)	chr5:112176750-112176760	NM_000038.6	5	112176756.0	NM_001354902.2	APC	rs459552;21030	0/1	c.5192T>A	p.Val1731Asp
APC (HGNC:583)	chr5:112176750-112176760	NM_000038.6	5	112176756.0	NM_000038.6	APC	rs459552;21030	0/1	c.5465T>A	p.Val1822Asp
APC (HGNC:583)	chr5:112176750-112176760	NM_000038.6	5	112176756.0	NM_001127510.3	APC	rs459552;21030	0/1	c.5465T>A	p.Val1822Asp
APC (HGNC:583)	chr5:112176750-112176760	NM_000038.6	5	112176756.0	NM_001354898.2	APC	rs459552;21030	0/1	c.5390T>A	p.Val1797Asp
APC (HGNC:583)	chr5:112176750-112176760	NM_000038.6	5	112176756.0	NM_001354899.2	APC	rs459552;21030	0/1	c.5381T>A	p.Val1794Asp
APC (HGNC:583)	chr5:112176750-112176760	NM_000038.6	5	112176756.0	NM_001354900.2	APC	rs459552;21030	0/1	c.5342T>A	p.Val1781Asp
APC (HGNC:583)	chr5:112176750-112176760	NM_000038.6	5	112176756.0	NM_001354901.2	APC	rs459552;21030	0/1	c.5288T>A	p.Val1763Asp
APC (HGNC:583)	chr5:112176750-112176760	NM_000038.6	5	112176756.0	NM_001354903.2	APC	rs459552;21030	0/1	c.5162T>A	p.Val1721Asp
APC (HGNC:583)	chr5:112176750-112176760	NM_000038.6	5	112176756.0	NM_001354904.2	APC	rs459552;21030	0/1	c.5087T>A	p.Val1696Asp
APC (HGNC:583)	chr5:112176750-112176760	NM_000038.6	5	112176756.0	NM_001354905.2	APC	rs459552;21030	0/1	c.4985T>A	p.Val1662Asp
APC (HGNC:583)	chr5:112176750-112176760	NM_000038.6	5	112176756.0	NM_001354906.2	APC	rs459552;21030	0/1	c.4616T>A	p.Val1539Asp
APOB (HGNC:603)	chr2:21225280-21225282	NM_000384.3	2	21225281.0	NM_000384.3	APOB	rs1042034;128418	1/1	c.13013G>A	p.Ser4338Asn
APOE (HGNC:613)	chr19:45411931-45411950	NM_000041.4								
ASPA (HGNC:756)	chr17:3397697-3397705	NM_000049.4	17	3397702.0	NM_000049.4	ASPA	rs12948217;197621	0/1	c.693C>T	p.Tyr231Tyr
ASPA (HGNC:756)	chr17:3397697-3397705	NM_000049.4	17	3397702.0	NM_001128085.1	ASPA	rs12948217;197621	0/1	c.693C>T	p.Tyr231Tyr
ATM (HGNC:795)	chr11:108175462-108175465	NM_000051.4	11	108175462.0	NM_000051.3	ATM	rs1801516;128458	0/0	c.5557G>A	p.Asp1853Asn
ATM (HGNC:795)	chr11:108175462-108175465	NM_000051.4	11	108175462.0	NM_001351834.2	ATM	rs1801516;128458	0/0	c.5557G>A	p.Asp1853Asn
BARD1 (HGNC:952)	chr2:215674220-215674230	NM_000465.4	2	215674224.0	NM_000465.4	BARD1	rs1048108;183698	0/1	c.70C>T	p.Pro24Ser
BARD1 (HGNC:952)	chr2:215674220-215674230	NM_000465.4	2	215674224.0	NM_001282543.2	BARD1	rs1048108;183698	0/1	c.70C>T	p.Pro24Ser
BARD1 (HGNC:952)	chr2:215674220-215674230	NM_000465.4	2	215674224.0	NM_001282545.2	BARD1	rs1048108;183698	0/1	c.70C>T	p.Pro24Ser
BARD1 (HGNC:952)	chr2:215674220-215674230	NM_000465.4	2	215674224.0	NM_001282548.2	BARD1	rs1048108;183698	0/1	c.70C>T	p.Pro24Ser
BARD1 (HGNC:952)	chr2:215674220-215674230	NM_000465.4	2	215674224.0	NM_001282549.2	BARD1	rs1048108;183698	0/1	c.70C>T	p.Pro24Ser
BARD1 (HGNC:952)	chr2:215674220-215674230	NM_000465.4	2	215674224.0	NR_104212.2	BARD1	rs1048108;183698	0/1	n.184C>T	.
BARD1 (HGNC:952)	chr2:215674220-215674230	NM_000465.4	2	215674224.0	NR_104215.2	BARD1	rs1048108;183698	0/1	n.184C>T	.
BARD1 (HGNC:952)	chr2:215674220-215674230	NM_000465.4	2	215674224.0	NR_104216.2	BARD1	rs1048108;183698	0/1	n.184C>T	.
BLM (HGNC:1058)	chr15:91312815-91312825	NM_000057.4	15	91312823.0	NM_000057.4	BLM	rs3815003;92392	0/1	c.2555+7T>C	.
BLM (HGNC:1058)	chr15:91312815-91312825	NM_000057.4	15	91312823.0	NM_001287246.2	BLM	rs3815003;92392	0/1	c.2555+7T>C	.
BLM (HGNC:1058)	chr15:91312815-91312825	NM_000057.4	15	91312823.0	NM_001287247.2	BLM	rs3815003;92392	0/1	c.2555+7T>C	.
BLM (HGNC:1058)	chr15:91312815-91312825	NM_000057.4	15	91312823.0	NM_001287248.2	BLM	rs3815003;92392	0/1	c.1430+7T>C	.
BMPR1A (HGNC:1076)	chr10:88635776-88635780	NM_004329.3	10	88635779.0	NM_004329.2	BMPR1A	rs11528010;41782	0/1	c.4C>A	p.Pro2Thr
BRCA1 (HGNC:1100)	chr17:41244935-41244940	NM_007294.4	17	41244936.0	NM_007300.4	BRCA1	rs799917;41812	1/1	c.2612C>T	p.Pro871Leu
BRCA1 (HGNC:1100)	chr17:41244935-41244940	NM_007294.4	17	41244936.0	NM_007294.4	BRCA1	rs799917;41812	1/1	c.2612C>T	p.Pro871Leu
BRCA1 (HGNC:1100)	chr17:41244935-41244940	NM_007294.4	17	41244936.0	NM_007297.4	BRCA1	rs799917;41812	1/1	c.2471C>T	p.Pro824Leu
BRCA1 (HGNC:1100)	chr17:41244935-41244940	NM_007294.4	17	41244936.0	NM_007298.3	BRCA1	rs799917;41812	1/1	c.787+1825C>T	.
BRCA1 (HGNC:1100)	chr17:41244935-41244940	NM_007294.4	17	41244936.0	NM_007299.4	BRCA1	rs799917;41812	1/1	c.787+1825C>T	.
BRCA1 (HGNC:1100)	chr17:41244935-41244940	NM_007294.4	17	41244936.0	NR_027676.2	BRCA1	rs799917;41812	1/1	n.2789C>T	.
BRCA2 (HGNC:1101)	chr13:32906725-32906735	NM_000059.4	13	32906729.0	NM_000059.3	BRCA2	rs144848;9329	0/1	c.1114A>C	p.Asn372His
BRIP1 (HGNC:20473)	chr17:59763343-59763352	NM_032043.3	17	59763347.0	NM_032043.3	BRIP1	rs4986764;133756	0/1	c.2755T>C	p.Ser919Pro
BTK (HGNC:1133)	chrX:100609615-100609619	NM_000061.3								
CACNA1A (HGNC:1388)	chr19:13419230-13419240	NM_001127221.2	19	13419235.0	NM_023035.3	CACNA1A	rs16012;128545	0/1	c.1779C>G	p.Val593Val
CACNA1A (HGNC:1388)	chr19:13419230-13419240	NM_001127221.2	19	13419235.0	NM_001127221.1	CACNA1A	rs16012;128545	0/1	c.1779C>G	p.Val593Val
CACNA1A (HGNC:1388)	chr19:13419230-13419240	NM_001127221.2	19	13419235.0	NM_000068.4	CACNA1A	rs16012;128545	0/1	c.1779C>G	p.Val593Val
CACNA1A (HGNC:1388)	chr19:13419230-13419240	NM_001127221.2	19	13419235.0	NM_001127222.2	CACNA1A	rs16012;128545	0/1	c.1776C>G	p.Val592Val
CACNA1A (HGNC:1388)	chr19:13419230-13419240	NM_001127221.2	19	13419235.0	NM_001174080.2	CACNA1A	rs16012;128545	0/1	c.1779C>G	p.Val593Val
CACNA1C (HGNC:1390)	chr12:2788877-2788881	NM_000719.7	12	2788879.0	NM_199460.3	CACNA1C	rs1051375;93413	0/1	c.5505G>A	p.Thr1835Thr
CACNA1C (HGNC:1390)	chr12:2788877-2788881	NM_000719.7	12	2788879.0	NM_000719.7	CACNA1C	rs1051375;93413	0/1	c.5361G>A	p.Thr1787Thr
CACNA1C (HGNC:1390)	chr12:2788877-2788881	NM_000719.7	12	2788879.0	NM_001129827.2	CACNA1C	rs1051375;93413	0/1	c.5505G>A	p.Thr1835Thr
CACNA1C (HGNC:1390)	chr12:2788877-2788881	NM_000719.7	12	2788879.0	NM_001129830.3	CACNA1C	rs1051375;93413	0/1	c.5361G>A	p.Thr1787Thr
CACNA1C (HGNC:1390)	chr12:2788877-2788881	NM_000719.7	12	2788879.0	NM_001129840.2	CACNA1C	rs1051375;93413	0/1	c.5361G>A	p.Thr1787Thr
CACNA1C (HGNC:1390)	chr12:2788877-2788881	NM_000719.7	12	2788879.0	NM_001167623.2	CACNA1C	rs1051375;93413	0/1	c.5361G>A	p.Thr1787Thr
CACNA1C (HGNC:1390)	chr12:2788877-2788881	NM_000719.7	12	2788879.0	NM_001129829.1	CACNA1C	rs1051375;93413	0/1	c.5484G>A	p.Thr1828Thr
CACNA1C (HGNC:1390)	chr12:2788877-2788881	NM_000719.7	12	2788879.0	NM_001129831.1	CACNA1C	rs1051375;93413	0/1	c.5445G>A	p.Thr1815Thr
CACNA1C (HGNC:1390)	chr12:2788877-2788881	NM_000719.7	12	2788879.0	NM_001129832.1	CACNA1C	rs1051375;93413	0/1	c.5421G>A	p.Thr1807Thr
CACNA1C (HGNC:1390)	chr12:2788877-2788881	NM_000719.7	12	2788879.0	NM_001129833.1	CACNA1C	rs1051375;93413	0/1	c.5418G>A	p.Thr1806Thr
CACNA1C (HGNC:1390)	chr12:2788877-2788881	NM_000719.7	12	2788879.0	NM_001129834.1	CACNA1C	rs1051375;93413	0/1	c.5418G>A	p.Thr1806Thr
CACNA1C (HGNC:1390)	chr12:2788877-2788881	NM_000719.7	12	2788879.0	NM_001129835.1	CACNA1C	rs1051375;93413	0/1	c.5418G>A	p.Thr1806Thr
CACNA1C (HGNC:1390)	chr12:2788877-2788881	NM_000719.7	12	2788879.0	NM_001129836.1	CACNA1C	rs1051375;93413	0/1	c.5412G>A	p.Thr1804Thr
CACNA1C (HGNC:1390)	chr12:2788877-2788881	NM_000719.7	12	2788879.0	NM_001129837.1	CACNA1C	rs1051375;93413	0/1	c.5385G>A	p.Thr1795Thr
CACNA1C (HGNC:1390)	chr12:2788877-2788881	NM_000719.7	12	2788879.0	NM_001129838.1	CACNA1C	rs1051375;93413	0/1	c.5385G>A	p.Thr1795Thr
CACNA1C (HGNC:1390)	chr12:2788877-2788881	NM_000719.7	12	2788879.0	NM_001129839.1	CACNA1C	rs1051375;93413	0/1	c.5379G>A	p.Thr1793Thr
CACNA1C (HGNC:1390)	chr12:2788877-2788881	NM_000719.7	12	2788879.0	NM_001129841.1	CACNA1C	rs1051375;93413	0/1	c.5361G>A	p.Thr1787Thr
CACNA1C (HGNC:1390)	chr12:2788877-2788881	NM_000719.7	12	2788879.0	NM_001129842.1	CACNA1C	rs1051375;93413	0/1	c.5361G>A	p.Thr1787Thr
CACNA1C (HGNC:1390)	chr12:2788877-2788881	NM_000719.7	12	2788879.0	NM_001129843.1	CACNA1C	rs1051375;93413	0/1	c.5361G>A	p.Thr1787Thr
CACNA1C (HGNC:1390)	chr12:2788877-2788881	NM_000719.7	12	2788879.0	NM_001129844.1	CACNA1C	rs1051375;93413	0/1	c.5352G>A	p.Thr1784Thr
CACNA1C (HGNC:1390)	chr12:2788877-2788881	NM_000719.7	12	2788879.0	NM_001129846.1	CACNA1C	rs1051375;93413	0/1	c.5328G>A	p.Thr1776Thr
CACNA1C (HGNC:1390)	chr12:2788877-2788881	NM_000719.7	12	2788879.0	NM_001167625.1	CACNA1C	rs1051375;93413	0/1	c.5328G>A	p.Thr1776Thr
CACNA1C (HGNC:1390)	chr12:2788877-2788881	NM_000719.7	12	2788879.0	NM_001167624.2	CACNA1C	rs1051375;93413	0/1	c.5361G>A	p.Thr1787Thr
CDC73 (HGNC:16783)	chr1:193094255-193094265	NM_024529.5								
CDH1 (HGNC:1748)	chr16:68771360-68771380	NM_004360.5	16	68771372.0	NM_004360.5	CDH1	rs3743674;136692	1/1	c.48+6C>T	.
CDH1 (HGNC:1748)	chr16:68771360-68771380	NM_004360.5	16	68771372.0	NM_001317184.2	CDH1	rs3743674;136692	1/1	c.48+6C>T	.
CDH1 (HGNC:1748)	chr16:68771360-68771380	NM_004360.5	16	68771372.0	NM_001317185.2	CDH1	rs3743674;136692	1/1	c.-1568+6C>T	.
CDH1 (HGNC:1748)	chr16:68771360-68771380	NM_004360.5	16	68771372.0	NM_001317186.2	CDH1	rs3743674;136692	1/1	c.-1772+6C>T	.
CDK4 (HGNC:1773)	chr12:58145300-58145310	NM_000075.4								
CDKN2A (HGNC:1787)	chr9:21971110-21971120	NM_000077.5								
CFTR (HGNC:1884)	chr7:117199528-117199535	NM_000492.4	7	117199533.0	NM_000492.4	CFTR	rs213950;7130	0/1	c.1408G>A	p.Val470Met
CHEK2 (HGNC:16627)	chr22:29090040-29090060	NM_007194.4								
CLRN1 (HGNC:12605)	chr3:150645930-150645934	NM_174878.3								
COL3A1 (HGNC:2201)	chr2:189875420-189875425	NM_000090.4	2	189875421.0	NM_000090.3	COL3A1	rs1516446;226540	1/1	c.4059T>G	p.His1353Gln
COL4A3 (HGNC:2204)	chr2:228135630-228135635	NM_000091.5	2	228135631.0	NM_000091.5	COL4A3	rs28381984;254985	0/1	c.1721C>T	p.Pro574Leu
COL4A4 (HGNC:2206)	chr2:227915830-227915835	NM_000092.5	2	227915832.0	NM_000092.5	COL4A4	rs1800517;255028	0/1	c.3011C>T	p.Pro1004Leu
COL4A5 (HGNC:2207)	chrX:107816881-107816884	NM_000495.5								
CPT2 (HGNC:2330)	chr1:53679225-53679230	NM_000098.3	1	53679229.0	NM_000098.3	CPT2	rs1799822;92433	0/1	c.1939A>G	p.Met647Val
CPT2 (HGNC:2330)	chr1:53679225-53679230	NM_000098.3	1	53679229.0	NM_001330589.2	CPT2	rs1799822;92433	0/1	c.1870A>G	p.Met624Val
CYBA (HGNC:2577)	chr16:88709825-88709830	NM_000101.4	16	88709828.0	NM_000101.4	CYBA	rs1049254;198042	0/1	c.521T>C	p.Val174Ala
DICER1 (HGNC:17098)	chr14:95569716-95569726	NM_177438.3								
DMD (HGNC:2928)	chrX:32380995-32380999	NM_004006.3	X	32380996.0	NM_004006.2	DMD	rs1801187;94657	1/1	c.5234G>A	p.Arg1745His
DMD (HGNC:2928)	chrX:32380995-32380999	NM_004006.3	X	32380996.0	NM_004011.4	DMD	rs1801187;94657	1/1	c.1211G>A	p.Arg404His
DMD (HGNC:2928)	chrX:32380995-32380999	NM_004006.3	X	32380996.0	NM_004012.4	DMD	rs1801187;94657	1/1	c.1202G>A	p.Arg401His
DMD (HGNC:2928)	chrX:32380995-32380999	NM_004006.3	X	32380996.0	NM_000109.4	DMD	rs1801187;94657	1/1	c.5210G>A	p.Arg1737His
DMD (HGNC:2928)	chrX:32380995-32380999	NM_004006.3	X	32380996.0	NM_004010.3	DMD	rs1801187;94657	1/1	c.4865G>A	p.Arg1622His
DMD (HGNC:2928)	chrX:32380995-32380999	NM_004006.3	X	32380996.0	NM_004009.3	DMD	rs1801187;94657	1/1	c.5222G>A	p.Arg1741His
EGFR (HGNC:3236)	chr7:55249061-55249065	NM_005228.5	7	55249063.0	NM_005228.5	EGFR	rs1050171;45271	0/1	c.2361G>A	p.Gln787Gln
EGFR (HGNC:3236)	chr7:55249061-55249065	NM_005228.5	7	55249063.0	NM_001346897.2	EGFR	rs1050171;45271	0/1	c.2226G>A	p.Gln742Gln
EGFR (HGNC:3236)	chr7:55249061-55249065	NM_005228.5	7	55249063.0	NM_001346898.2	EGFR	rs1050171;45271	0/1	c.2361G>A	p.Gln787Gln
EGFR (HGNC:3236)	chr7:55249061-55249065	NM_005228.5	7	55249063.0	NM_001346941.2	EGFR	rs1050171;45271	0/1	c.1560G>A	p.Gln520Gln
EGFR (HGNC:3236)	chr7:55249061-55249065	NM_005228.5	7	55249063.0	NM_001346899.1	EGFR	rs1050171;45271	0/1	c.2226G>A	p.Gln742Gln
EGFR (HGNC:3236)	chr7:55249061-55249065	NM_005228.5	7	55249063.0	NM_001346900.2	EGFR	rs1050171;45271	0/1	c.2202G>A	p.Gln734Gln
EPCAM (HGNC:11529)	chr2:47601101-47601110	NM_002354.3	2	47601106.0	NM_002354.3	EPCAM	rs1126497;183700	0/1	c.344T>C	p.Met115Thr
ERCC2 (HGNC:3434)	chr19:45854915-45854920	NM_000400.4	19	45854919.0	NM_000400.3	ERCC2	rs13181;134105	0/1	c.2251A>C	p.Lys751Gln
FANCA (HGNC:3582)	chr16:89857925-89857944	NM_000135.4								
FANCC (HGNC:3584)	chr9:97933385-97933390	NM_000136.3								
FANCI (HGNC:25568)	chr15:89803950-89803955	NM_001113378.2								
FBN1 (HGNC:3603)	chr15:48703274-48703278	NM_000138.5								
FGFR3 (HGNC:3690)	chr4:1807893-1807895	NM_000142.5	4	1807894.0	NM_001163213.1	FGFR3	rs7688609;873164	1/1	c.1959G>A	p.Thr653Thr
FGFR3 (HGNC:3690)	chr4:1807893-1807895	NM_000142.5	4	1807894.0	NM_001354809.2	FGFR3	rs7688609;873164	1/1	c.1956G>A	p.Thr652Thr
FGFR3 (HGNC:3690)	chr4:1807893-1807895	NM_000142.5	4	1807894.0	NM_001354810.2	FGFR3	rs7688609;873164	1/1	c.1956G>A	p.Thr652Thr
FGFR3 (HGNC:3690)	chr4:1807893-1807895	NM_000142.5	4	1807894.0	NM_000142.4	FGFR3	rs7688609;873164	1/1	c.1953G>A	p.Thr651Thr
FGFR3 (HGNC:3690)	chr4:1807893-1807895	NM_000142.5	4	1807894.0	NM_022965.3	FGFR3	rs7688609;873164	1/1	c.1617G>A	p.Thr539Thr
FGFR3 (HGNC:3690)	chr4:1807893-1807895	NM_000142.5	4	1807894.0	NR_148971.2	FGFR3	rs7688609;873164	1/1	n.2379G>A	.
FH (HGNC:3700)	chr1:241661190-241661195	NM_000143.4								
FKTN (HGNC:3622)	chr9:108366730-108366739	NM_001079802.2	9	108366734.0	NM_001079802.1	FKTN	rs34787999;93522	1/1	c.608G>A	p.Arg203Gln
FKTN (HGNC:3622)	chr9:108366730-108366739	NM_001079802.2	9	108366734.0	NM_006731.2	FKTN	rs34787999;93522	1/1	c.608G>A	p.Arg203Gln
FKTN (HGNC:3622)	chr9:108366730-108366739	NM_001079802.2	9	108366734.0	NM_001198963.2	FKTN	rs34787999;93522	1/1	c.608G>A	p.Arg203Gln
FKTN (HGNC:3622)	chr9:108366730-108366739	NM_001079802.2	9	108366734.0	NM_001351496.2	FKTN	rs34787999;93522	1/1	c.608G>A	p.Arg203Gln
FKTN (HGNC:3622)	chr9:108366730-108366739	NM_001079802.2	9	108366734.0	NM_001351497.2	FKTN	rs34787999;93522	1/1	c.539G>A	p.Arg180Gln
FKTN (HGNC:3622)	chr9:108366730-108366739	NM_001079802.2	9	108366734.0	NM_001351498.2	FKTN	rs34787999;93522	1/1	c.608G>A	p.Arg203Gln
FKTN (HGNC:3622)	chr9:108366730-108366739	NM_001079802.2	9	108366734.0	NM_001351499.2	FKTN	rs34787999;93522	1/1	c.212G>A	p.Arg71Gln
FKTN (HGNC:3622)	chr9:108366730-108366739	NM_001079802.2	9	108366734.0	NM_001351500.2	FKTN	rs34787999;93522	1/1	c.212G>A	p.Arg71Gln
FKTN (HGNC:3622)	chr9:108366730-108366739	NM_001079802.2	9	108366734.0	NM_001351501.2	FKTN	rs34787999;93522	1/1	c.212G>A	p.Arg71Gln
FKTN (HGNC:3622)	chr9:108366730-108366739	NM_001079802.2	9	108366734.0	NM_001351502.2	FKTN	rs34787999;93522	1/1	c.212G>A	p.Arg71Gln
FKTN (HGNC:3622)	chr9:108366730-108366739	NM_001079802.2	9	108366734.0	NR_147213.2	FKTN	rs34787999;93522	1/1	n.823G>A	.
FKTN (HGNC:3622)	chr9:108366730-108366739	NM_001079802.2	9	108366734.0	NR_147214.2	FKTN	rs34787999;93522	1/1	n.731G>A	.
FLNC (HGNC:3756)	chr7:128487861-128487870	NM_001458.5	7	128487866.0	NM_001458.4	FLNC	rs2249128;226641	1/1	c.4404T>C	p.Asp1468Asp
FLNC (HGNC:3756)	chr7:128487861-128487870	NM_001458.5	7	128487866.0	NM_001127487.2	FLNC	rs2249128;226641	1/1	c.4404T>C	p.Asp1468Asp
FOXG1 (HGNC:3811)	chr14:29237744-29237746	NM_005249.5								
GAA (HGNC:4065)	chr17:78079540-78079550	NM_000152.5	17	78079544.0	NM_000152.5	GAA	rs3816256;92485	1/1	c.547-4C>G	.
GAA (HGNC:4065)	chr17:78079540-78079550	NM_000152.5	17	78079544.0	NM_001079803.3	GAA	rs3816256;92485	1/1	c.547-4C>G	.
GAA (HGNC:4065)	chr17:78079540-78079550	NM_000152.5	17	78079544.0	NM_001079804.3	GAA	rs3816256;92485	1/1	c.547-4C>G	.
GAA (HGNC:4065)	chr17:78079540-78079550	NM_000152.5	17	78079544.0	NR_134848.2	GAA	rs3816256;92485	1/1	n.*3013C>G	.
GALT (HGNC:4135)	chr9:34649438-34649450	NM_000155.4								
GLA (HGNC:4296)	chrX:100652938-100652940	NM_000169.3								
HEXA (HGNC:4878)	chr15:72638888-72638897	NM_000520.6	15	72638892.0	NM_001318825.2	HEXA	rs1800431;93189	1/1	c.1339A>G	p.Ile447Val
HEXA (HGNC:4878)	chr15:72638888-72638897	NM_000520.6	15	72638892.0	NM_000520.6	HEXA	rs1800431;93189	1/1	c.1306A>G	p.Ile436Val
HEXA (HGNC:4878)	chr15:72638888-72638897	NM_000520.6	15	72638892.0	NR_134869.2	HEXA	rs1800431;93189	1/1	n.1116-226A>G	.
HRAS (HGNC:5173)	chr11:534240-534244	NM_005343.4	11	534242.0	NM_001130442.2	HRAS	rs12628;40431	1/1	c.81T>C	p.His27His
HRAS (HGNC:5173)	chr11:534240-534244	NM_005343.4	11	534242.0	NM_176795.4	HRAS	rs12628;40431	1/1	c.81T>C	p.His27His
HRAS (HGNC:5173)	chr11:534240-534244	NM_005343.4	11	534242.0	NM_005343.4	HRAS	rs12628;40431	1/1	c.81T>C	p.His27His
HRAS (HGNC:5173)	chr11:534240-534244	NM_005343.4	11	534242.0	NM_001318054.2	HRAS	rs12628;40431	1/1	c.-239T>C	.
KCNH2 (HGNC:6251)	chr7:150644418-150644437	NM_000238.4	7	150644428.0	NM_000238.4	KCNH2	rs36210421;36429	0/0	c.3140G>T	p.Arg1047Leu
KCNH2 (HGNC:6251)	chr7:150644418-150644437	NM_000238.4	7	150644428.0	NM_172057.2	KCNH2	rs36210421;36429	0/0	c.2120G>T	p.Arg707Leu
KCNH2 (HGNC:6251)	chr7:150644418-150644437	NM_000238.4	7	150644428.0	NM_001204798.2	KCNH2	rs36210421;36429	0/0	c.*2559G>T	.
KCNH2 (HGNC:6251)	chr7:150644418-150644437	NM_000238.4	7	150644428.0	NM_172056.2	KCNH2	rs36210421;36429	0/0	c.*2559G>T	.
KIT (HGNC:6342)	chr4:55599266-55599270	NM_000222.3								
KRAS (HGNC:6407)	chr12:25362775-25362779	NM_004985.5	12	25362777.0	NM_001369787.1	KRAS	rs1137282;41449	0/1	c.519T>C	p.Asp173Asp
KRAS (HGNC:6407)	chr12:25362775-25362779	NM_004985.5	12	25362777.0	NM_004985.5	KRAS	rs1137282;41449	0/1	c.519T>C	p.Asp173Asp
KRAS (HGNC:6407)	chr12:25362775-25362779	NM_004985.5	12	25362777.0	NM_001369786.1	KRAS	rs1137282;41449	0/1	c.*73T>C	.
KRAS (HGNC:6407)	chr12:25362775-25362779	NM_004985.5	12	25362777.0	NM_033360.4	KRAS	rs1137282;41449	0/1	c.*73T>C	.
LIG4 (HGNC:6601)	chr13:108863587-108863596	NM_002312.3								
MAP2K2 (HGNC:6842)	chr19:4101060-4101064	NM_030662.4	19	4101062.0	NM_030662.3	MAP2K2	rs10250;40816	1/1	c.660C>A	p.Ile220Ile
MEFV (HGNC:6998)	chr16:3293885-3293890	NM_000243.3	16	3293888.0	NM_001198536.1	MEFV	rs1231122;36505	1/1	c.1306G>A	p.Gly436Arg
MEFV (HGNC:6998)	chr16:3293885-3293890	NM_000243.3	16	3293888.0	NM_000243.2	MEFV	rs1231122;36505	1/1	c.1764G>A	p.Pro588Pro
MET (HGNC:7029)	chr7:116436095-116436099	NM_001127500.3	7	116436097.0	NM_001127500.3	MET	rs41737;93576	0/1	c.4146G>A	p.Pro1382Pro
MET (HGNC:7029)	chr7:116436095-116436099	NM_001127500.3	7	116436097.0	NM_000245.4	MET	rs41737;93576	0/1	c.4092G>A	p.Pro1364Pro
MET (HGNC:7029)	chr7:116436095-116436099	NM_001127500.3	7	116436097.0	NM_001324402.2	MET	rs41737;93576	0/1	c.2802G>A	p.Pro934Pro
MITF (HGNC:7105)	chr3:70005612-70005614	NM_000248.4								
MLH1 (HGNC:7127)	chr3:37035084-37035090	NM_000249.4								
MPL (HGNC:7217)	chr1:43804231-43804236	NM_005373.3								
MSH2 (HGNC:7325)	chr2:47630366-47630375	NM_000251.3								
MSH6 (HGNC:7329)	chr2:48023110-48023116	NM_000179.3	2	48023115.0	NM_000179.2	MSH6	rs1800935;36597	0/1	c.540T>C	p.Asp180Asp
MSH6 (HGNC:7329)	chr2:48023110-48023116	NM_000179.3	2	48023115.0	NM_001281494.1	MSH6	rs1800935;36597	0/1	c.-363T>C	.
MSH6 (HGNC:7329)	chr2:48023110-48023116	NM_000179.3	2	48023115.0	NM_001281492.1	MSH6	rs1800935;36597	0/1	c.238-2635T>C	.
MSH6 (HGNC:7329)	chr2:48023110-48023116	NM_000179.3	2	48023115.0	NM_001281493.1	MSH6	rs1800935;36597	0/1	c.-279-2635T>C	.
MTTP (HGNC:7467)	chr4:100516020-100516025	NM_000253.4	4	100516022.0	NM_001300785.1	MTTP	rs2306985;129628	0/1	c.972C>G	p.His324Gln
MTTP (HGNC:7467)	chr4:100516020-100516025	NM_000253.4	4	100516022.0	NM_000253.3	MTTP	rs2306985;129628	0/1	c.891C>G	p.His297Gln
MUTYH (HGNC:7527)	chr1:45800155-45800160	NM_001128425.2	1	45800156.0	NM_001128425.1	MUTYH	rs3219484;41760	0/1	c.64G>A	p.Val22Met
MUTYH (HGNC:7527)	chr1:45800155-45800160	NM_001128425.2	1	45800156.0	NM_001048174.1	MUTYH	rs3219484;41760	0/1	c.22G>A	p.Val8Met
MUTYH (HGNC:7527)	chr1:45800155-45800160	NM_001128425.2	1	45800156.0	NM_001293191.1	MUTYH	rs3219484;41760	0/1	c.22G>A	p.Val8Met
MUTYH (HGNC:7527)	chr1:45800155-45800160	NM_001128425.2	1	45800156.0	NM_001293195.1	MUTYH	rs3219484;41760	0/1	c.22G>A	p.Val8Met
MUTYH (HGNC:7527)	chr1:45800155-45800160	NM_001128425.2	1	45800156.0	NM_001048172.1	MUTYH	rs3219484;41760	0/1	c.22G>A	p.Val8Met
MUTYH (HGNC:7527)	chr1:45800155-45800160	NM_001128425.2	1	45800156.0	NM_001048173.1	MUTYH	rs3219484;41760	0/1	c.22G>A	p.Val8Met
MUTYH (HGNC:7527)	chr1:45800155-45800160	NM_001128425.2	1	45800156.0	NM_001048171.1	MUTYH	rs3219484;41760	0/1	c.64G>A	p.Val22Met
MUTYH (HGNC:7527)	chr1:45800155-45800160	NM_001128425.2	1	45800156.0	NM_001293190.1	MUTYH	rs3219484;41760	0/1	c.64G>A	p.Val22Met
MUTYH (HGNC:7527)	chr1:45800155-45800160	NM_001128425.2	1	45800156.0	NM_012222.2	MUTYH	rs3219484;41760	0/1	c.64G>A	p.Val22Met
MUTYH (HGNC:7527)	chr1:45800155-45800160	NM_001128425.2	1	45800156.0	NM_001293196.1	MUTYH	rs3219484;41760	0/1	c.-191G>A	.
MUTYH (HGNC:7527)	chr1:45800155-45800160	NM_001128425.2	1	45800156.0	NM_001293192.1	MUTYH	rs3219484;41760	0/1	c.-191G>A	.
MUTYH (HGNC:7527)	chr1:45800155-45800160	NM_001128425.2	1	45800156.0	NM_001350650.1	MUTYH	rs3219484;41760	0/1	c.-250G>A	.
MUTYH (HGNC:7527)	chr1:45800155-45800160	NM_001128425.2	1	45800156.0	NM_001350651.1	MUTYH	rs3219484;41760	0/1	c.-186G>A	.
MUTYH (HGNC:7527)	chr1:45800155-45800160	NM_001128425.2	1	45800156.0	NM_001293196.1	MUTYH	rs3219484;41760	0/1	c.-191G>A	.
MUTYH (HGNC:7527)	chr1:45800155-45800160	NM_001128425.2	1	45800156.0	NM_001293192.1	MUTYH	rs3219484;41760	0/1	c.-191G>A	.
MUTYH (HGNC:7527)	chr1:45800155-45800160	NM_001128425.2	1	45800156.0	NM_001350650.1	MUTYH	rs3219484;41760	0/1	c.-250G>A	.
MUTYH (HGNC:7527)	chr1:45800155-45800160	NM_001128425.2	1	45800156.0	NM_001350651.1	MUTYH	rs3219484;41760	0/1	c.-186G>A	.
MUTYH (HGNC:7527)	chr1:45800155-45800160	NM_001128425.2	1	45800156.0	NR_146883.1	MUTYH	rs3219484;41760	0/1	n.168G>A	.
MUTYH (HGNC:7527)	chr1:45800155-45800160	NM_001128425.2	1	45800156.0	NR_146882.1	MUTYH	rs3219484;41760	0/1	n.280G>A	.
MYBPC3 (HGNC:7551)	chr11:47364170-47364180	NM_000256.3	11	47364172.0	NM_000256.3	MYBPC3	181148	0/1	c.1577_1580dupCACT	p.Cys528fs
MYH7 (HGNC:7577)	chr14:23902750-23902755	NM_000257.4	14	23902753.0	NM_000257.4	MYH7	rs2069540;42869	1/1	c.189C>T	p.Thr63Thr
MYH9 (HGNC:7579)	chr22:36710179-36710188	NM_002473.6	22	36710183.0	NM_002473.5	MYH9	rs3752462;44550	0/1	c.1554+7A>G	.
MYO7A (HGNC:7606)	chr11:76919465-76919475	NM_000260.4	11	76919468.0	NM_000260.4	MYO7A	rs1320703;43303	0/1	c.5857-7A>T	.
MYO7A (HGNC:7606)	chr11:76919465-76919475	NM_000260.4	11	76919468.0	NM_001127180.2	MYO7A	rs1320703;43303	0/1	c.5743-7A>T	.
MYO7A (HGNC:7606)	chr11:76919465-76919475	NM_000260.4	11	76919468.0	NM_001369365.1	MYO7A	rs1320703;43303	0/1	c.5710-7A>T	.
NBN (HGNC:7652)	chr8:90990475-90990480	NM_002485.5	8	90990479.0	NM_002485.4	NBN	rs1805794;134876	1/1	c.553G>C	p.Glu185Gln
NBN (HGNC:7652)	chr8:90990475-90990480	NM_002485.5	8	90990479.0	NM_001024688.2	NBN	rs1805794;134876	1/1	c.307G>C	p.Glu103Gln
NF1 (HGNC:7765)	chr17:29508770-29508780	NM_000267.3	17	29508775.0	NM_001042492.3	NF1	rs1801052;183825	1/1	c.702G>A	p.Leu234Leu
NF1 (HGNC:7765)	chr17:29508770-29508780	NM_000267.3	17	29508775.0	NM_000267.3	NF1	rs1801052;183825	1/1	c.702G>A	p.Leu234Leu
NF1 (HGNC:7765)	chr17:29508770-29508780	NM_000267.3	17	29508775.0	NM_001128147.3	NF1	rs1801052;183825	1/1	c.702G>A	p.Leu234Leu
NOTCH1 (HGNC:7881)	chr9:139418255-139418265	NM_017617.5	9	139418260.0	NM_017617.5	NOTCH1	rs4489420;286142	0/1	c.312T>C	p.Asn104Asn
PALB2 (HGNC:26144)	chr16:23646181-23646200	NM_024675.4	16	23646191.0	NM_024675.4	PALB2	rs152451;126613	0/1	c.1676A>G	p.Gln559Arg
PCDH15 (HGNC:14674)	chr10:56077200-56077210	NM_033056.4	10	56077209.0	NM_001142763.2	PCDH15	rs10740579;46511	0/1	c.721-8C>T	.
PCDH15 (HGNC:14674)	chr10:56077200-56077210	NM_033056.4	10	56077209.0	NM_001142771.2	PCDH15	rs10740579;46511	0/1	c.721-8C>T	.
PCDH15 (HGNC:14674)	chr10:56077200-56077210	NM_033056.4	10	56077209.0	NM_001142772.2	PCDH15	rs10740579;46511	0/1	c.706-8C>T	.
PCDH15 (HGNC:14674)	chr10:56077200-56077210	NM_033056.4	10	56077209.0	NM_001354420.2	PCDH15	rs10740579;46511	0/1	c.706-8C>T	.
PCDH15 (HGNC:14674)	chr10:56077200-56077210	NM_033056.4	10	56077209.0	NM_001354429.2	PCDH15	rs10740579;46511	0/1	c.706-8C>T	.
PCDH15 (HGNC:14674)	chr10:56077200-56077210	NM_033056.4	10	56077209.0	NM_001142769.3	PCDH15	rs10740579;46511	0/1	c.721-8C>T	.
PCDH15 (HGNC:14674)	chr10:56077200-56077210	NM_033056.4	10	56077209.0	NM_001142770.3	PCDH15	rs10740579;46511	0/1	c.706-8C>T	.
PCDH15 (HGNC:14674)	chr10:56077200-56077210	NM_033056.4	10	56077209.0	NM_001354411.2	PCDH15	rs10740579;46511	0/1	c.706-8C>T	.
PCDH15 (HGNC:14674)	chr10:56077200-56077210	NM_033056.4	10	56077209.0	NM_001142764.2	PCDH15	rs10740579;46511	0/1	c.706-8C>T	.
PCDH15 (HGNC:14674)	chr10:56077200-56077210	NM_033056.4	10	56077209.0	NM_001142765.2	PCDH15	rs10740579;46511	0/1	c.706-8C>T	.
PCDH15 (HGNC:14674)	chr10:56077200-56077210	NM_033056.4	10	56077209.0	NM_001142766.2	PCDH15	rs10740579;46511	0/1	c.706-8C>T	.
PCDH15 (HGNC:14674)	chr10:56077200-56077210	NM_033056.4	10	56077209.0	NM_001142768.2	PCDH15	rs10740579;46511	0/1	c.640-8C>T	.
PCDH15 (HGNC:14674)	chr10:56077200-56077210	NM_033056.4	10	56077209.0	NM_001142773.2	PCDH15	rs10740579;46511	0/1	c.640-8C>T	.
PCDH15 (HGNC:14674)	chr10:56077200-56077210	NM_033056.4	10	56077209.0	NM_033056.4	PCDH15	rs10740579;46511	0/1	c.706-8C>T	.
PCDH15 (HGNC:14674)	chr10:56077200-56077210	NM_033056.4	10	56077209.0	NM_001142767.1	PCDH15	rs10740579;46511	0/1	c.595-8C>T	.
PCDH15 (HGNC:14674)	chr10:56077200-56077210	NM_033056.4	10	56077209.0	NM_001354404.1	PCDH15	rs10740579;46511	0/1	c.640-8C>T	.
PCDH15 (HGNC:14674)	chr10:56077200-56077210	NM_033056.4	10	56077209.0	NM_001354430.2	PCDH15	rs10740579;46511	0/1	c.706-8C>T	.
PEX7 (HGNC:8860)	chr6:137143831-137143856	NM_000288.4								
PLCG2 (HGNC:9066)	chr16:81953079-81953091	NM_002661.5	16	81953081.0	NM_002661.5	PLCG2	rs12448130;1168656	1/1	c.2055-8T>C	.
PMS1 (HGNC:9121)	chr2:190660673-190660687	NM_000534.5	2	190660683.0	NM_000534.4	PMS1	rs5742981;1274521	0/1	c.315+6G>A	.
PMS1 (HGNC:9121)	chr2:190660673-190660687	NM_000534.5	2	190660683.0	NM_001321051.1	PMS1	rs5742981;1274521	0/1	c.315+6G>A	.
PMS1 (HGNC:9121)	chr2:190660673-190660687	NM_000534.5	2	190660683.0	NM_001289408.1	PMS1	rs5742981;1274521	0/1	c.-111+6G>A	.
PMS1 (HGNC:9121)	chr2:190660673-190660687	NM_000534.5	2	190660683.0	NM_001321049.2	PMS1	rs5742981;1274521	0/1	c.315+6G>A	.
PMS1 (HGNC:9121)	chr2:190660673-190660687	NM_000534.5	2	190660683.0	NM_001128143.2	PMS1	rs5742981;1274521	0/1	c.315+6G>A	.
PMS1 (HGNC:9121)	chr2:190660673-190660687	NM_000534.5	2	190660683.0	NM_001128144.2	PMS1	rs5742981;1274521	0/1	c.315+6G>A	.
PMS1 (HGNC:9121)	chr2:190660673-190660687	NM_000534.5	2	190660683.0	NM_001321044.2	PMS1	rs5742981;1274521	0/1	c.315+6G>A	.
PMS1 (HGNC:9121)	chr2:190660673-190660687	NM_000534.5	2	190660683.0	NM_001321045.2	PMS1	rs5742981;1274521	0/1	c.315+6G>A	.
PMS1 (HGNC:9121)	chr2:190660673-190660687	NM_000534.5	2	190660683.0	NM_001321047.2	PMS1	rs5742981;1274521	0/1	c.315+6G>A	.
PMS1 (HGNC:9121)	chr2:190660673-190660687	NM_000534.5	2	190660683.0	NM_001321048.2	PMS1	rs5742981;1274521	0/1	c.315+6G>A	.
PMS1 (HGNC:9121)	chr2:190660673-190660687	NM_000534.5	2	190660683.0	NR_110332.2	PMS1	rs5742981;1274521	0/1	n.576+6G>A	.
PMS1 (HGNC:9121)	chr2:190660673-190660687	NM_000534.5	2	190660683.0	NM_001289409.1	PMS1	rs5742981;1274521	0/1	c.-111+4016G>A	.
PMS1 (HGNC:9121)	chr2:190660673-190660687	NM_000534.5	2	190660683.0	NM_001321046.2	PMS1	rs5742981;1274521	0/1	c.132+4016G>A	.
PMS2 (HGNC:9122)	chr7:6026525-6026535	NM_000535.7	7	6026530.0	NM_001322014.2	PMS2	rs1805324;41708	1/1	c.1866G>A	p.Met622Ile
PMS2 (HGNC:9122)	chr7:6026525-6026535	NM_000535.7	7	6026530.0	NM_000535.7	PMS2	rs1805324;41708	1/1	c.1866G>A	p.Met622Ile
PMS2 (HGNC:9122)	chr7:6026525-6026535	NM_000535.7	7	6026530.0	NM_001322003.2	PMS2	rs1805324;41708	1/1	c.1461G>A	p.Met487Ile
PMS2 (HGNC:9122)	chr7:6026525-6026535	NM_000535.7	7	6026530.0	NM_001322004.2	PMS2	rs1805324;41708	1/1	c.1461G>A	p.Met487Ile
PMS2 (HGNC:9122)	chr7:6026525-6026535	NM_000535.7	7	6026530.0	NM_001322005.2	PMS2	rs1805324;41708	1/1	c.1461G>A	p.Met487Ile
PMS2 (HGNC:9122)	chr7:6026525-6026535	NM_000535.7	7	6026530.0	NM_001322006.2	PMS2	rs1805324;41708	1/1	c.1710G>A	p.Met570Ile
PMS2 (HGNC:9122)	chr7:6026525-6026535	NM_000535.7	7	6026530.0	NM_001322008.2	PMS2	rs1805324;41708	1/1	c.1548G>A	p.Met516Ile
PMS2 (HGNC:9122)	chr7:6026525-6026535	NM_000535.7	7	6026530.0	NM_001322009.2	PMS2	rs1805324;41708	1/1	c.1461G>A	p.Met487Ile
PMS2 (HGNC:9122)	chr7:6026525-6026535	NM_000535.7	7	6026530.0	NM_001322010.2	PMS2	rs1805324;41708	1/1	c.1305G>A	p.Met435Ile
PMS2 (HGNC:9122)	chr7:6026525-6026535	NM_000535.7	7	6026530.0	NM_001322011.2	PMS2	rs1805324;41708	1/1	c.933G>A	p.Met311Ile
PMS2 (HGNC:9122)	chr7:6026525-6026535	NM_000535.7	7	6026530.0	NM_001322012.2	PMS2	rs1805324;41708	1/1	c.933G>A	p.Met311Ile
PMS2 (HGNC:9122)	chr7:6026525-6026535	NM_000535.7	7	6026530.0	NM_001322013.2	PMS2	rs1805324;41708	1/1	c.1293G>A	p.Met431Ile
PMS2 (HGNC:9122)	chr7:6026525-6026535	NM_000535.7	7	6026530.0	NM_001322015.2	PMS2	rs1805324;41708	1/1	c.1557G>A	p.Met519Ile
PMS2 (HGNC:9122)	chr7:6026525-6026535	NM_000535.7	7	6026530.0	NM_001322007.1	PMS2	rs1805324;41708	1/1	c.1548G>A	p.Met516Ile
PMS2 (HGNC:9122)	chr7:6026525-6026535	NM_000535.7	7	6026530.0	NR_136154.1	PMS2	rs1805324;41708	1/1	n.1953G>A	.
POLD1 (HGNC:9175)	chr19:50909760-50909770	NM_002691.4	19	50909765.0	NM_001308632.1	POLD1	rs2230245;258787	0/1	c.1485C>T	p.Thr495Thr
POLD1 (HGNC:9175)	chr19:50909760-50909770	NM_002691.4	19	50909765.0	NM_001256849.1	POLD1	rs2230245;258787	0/1	c.1485C>T	p.Thr495Thr
POLD1 (HGNC:9175)	chr19:50909760-50909770	NM_002691.4	19	50909765.0	NM_002691.4	POLD1	rs2230245;258787	0/1	c.1485C>T	p.Thr495Thr
POLD1 (HGNC:9175)	chr19:50909760-50909770	NM_002691.4	19	50909765.0	NR_046402.2	POLD1	rs2230245;258787	0/1	n.1530C>T	.
PPT1 (HGNC:9325)	chr1:40546076-40546082	NM_000310.4								
PTEN (HGNC:9588)	chr10:89692800-89692805	NM_000314.8								
RAD51C (HGNC:9820)	chr17:56801420-56801422	NM_058216.3								
RAD51D (HGNC:9823)	chr17:33428345-33428351	NM_002878.4								
RB1 (HGNC:9884)	chr13:48878077-48878114	NM_000321.3								
RUNX1 (HGNC:10471)	chr21:36206786-36206799	NM_001754.5								
SDHA (HGNC:10680)	chr5:256499-256518	NM_004168.4								
SDHC (HGNC:10682)	chr1:161326598-161326613	NM_003001.5								
SLC26A4 (HGNC:8818)	chr7:107329495-107329500	NM_000441.2	7	107329499.0	NM_000441.2	SLC26A4	rs111033212;4842	0/1	c.1003T>C	p.Phe335Leu
SLC37A4 (HGNC:4061)	chr11:118900077-118900080	NM_001164277.2								
SMAD4 (HGNC:6770)	chr18:48591854-48591859	NM_005359.6								
STK11 (HGNC:11389)	chr19:1207128-1207140	NM_000455.5								
TERT (HGNC:11730)	chr5:1294085-1294090	NM_198253.3	5	1294086.0	NM_198253.3	TERT	rs2736098;39126	0/1	c.915G>A	p.Ala305Ala
TERT (HGNC:11730)	chr5:1294085-1294090	NM_198253.3	5	1294086.0	NM_001193376.2	TERT	rs2736098;39126	0/1	c.915G>A	p.Ala305Ala
TERT (HGNC:11730)	chr5:1294085-1294090	NM_198253.3	5	1294086.0	NR_149162.2	TERT	rs2736098;39126	0/1	n.994G>A	.
TERT (HGNC:11730)	chr5:1294085-1294090	NM_198253.3	5	1294086.0	NR_149163.2	TERT	rs2736098;39126	0/1	n.994G>A	.
TGFBR1 (HGNC:11772)	chr9:101867530-101867588	NM_004612.4								
TGFBR2 (HGNC:11773)	chr3:30713122-30713131	NM_003242.6	3	30713126.0	NM_001024847.2	TGFBR2	rs11466512;44658	0/1	c.530-4T>A	.
TGFBR2 (HGNC:11773)	chr3:30713122-30713131	NM_003242.6	3	30713126.0	NM_003242.6	TGFBR2	rs11466512;44658	0/1	c.455-4T>A	.
TMEM127 (HGNC:26038)	chr2:96919640-96919645	NM_017849.4	2	96919642.0	NM_001193304.3	TMEM127	rs3852673;45824	0/1	c.621G>A	p.Ala207Ala
TMEM127 (HGNC:26038)	chr2:96919640-96919645	NM_017849.4	2	96919642.0	NM_017849.3	TMEM127	rs3852673;45824	0/1	c.621G>A	p.Ala207Ala
TP53 (HGNC:11998)	chr17:7579468-7579477	NM_000546.6	17	7579472.0	NM_000546.5	TP53	rs1042522;12351	1/1	c.215C>G	p.Pro72Arg
TP53 (HGNC:11998)	chr17:7579468-7579477	NM_000546.6	17	7579472.0	NM_001276695.2	TP53	rs1042522;12351	1/1	c.98C>G	p.Pro33Arg
TP53 (HGNC:11998)	chr17:7579468-7579477	NM_000546.6	17	7579472.0	NM_001276696.2	TP53	rs1042522;12351	1/1	c.98C>G	p.Pro33Arg
TP53 (HGNC:11998)	chr17:7579468-7579477	NM_000546.6	17	7579472.0	NM_001276760.2	TP53	rs1042522;12351	1/1	c.98C>G	p.Pro33Arg
TP53 (HGNC:11998)	chr17:7579468-7579477	NM_000546.6	17	7579472.0	NM_001276761.2	TP53	rs1042522;12351	1/1	c.98C>G	p.Pro33Arg
TP53 (HGNC:11998)	chr17:7579468-7579477	NM_000546.6	17	7579472.0	NM_001126112.2	TP53	rs1042522;12351	1/1	c.215C>G	p.Pro72Arg
TP53 (HGNC:11998)	chr17:7579468-7579477	NM_000546.6	17	7579472.0	NM_001126113.2	TP53	rs1042522;12351	1/1	c.215C>G	p.Pro72Arg
TP53 (HGNC:11998)	chr17:7579468-7579477	NM_000546.6	17	7579472.0	NM_001126114.2	TP53	rs1042522;12351	1/1	c.215C>G	p.Pro72Arg
TP53 (HGNC:11998)	chr17:7579468-7579477	NM_000546.6	17	7579472.0	NM_001126118.1	TP53	rs1042522;12351	1/1	c.98C>G	p.Pro33Arg
TP53 (HGNC:11998)	chr17:7579468-7579477	NM_000546.6	17	7579472.0	NM_001276697.2	TP53	rs1042522;12351	1/1	c.-1020C>G	.
TP53 (HGNC:11998)	chr17:7579468-7579477	NM_000546.6	17	7579472.0	NM_001276698.2	TP53	rs1042522;12351	1/1	c.-1020C>G	.
TP53 (HGNC:11998)	chr17:7579468-7579477	NM_000546.6	17	7579472.0	NM_001276699.2	TP53	rs1042522;12351	1/1	c.-1020C>G	.
TP53 (HGNC:11998)	chr17:7579468-7579477	NM_000546.6	17	7579472.0	NM_001126115.1	TP53	rs1042522;12351	1/1	c.-939C>G	.
TP53 (HGNC:11998)	chr17:7579468-7579477	NM_000546.6	17	7579472.0	NM_001126116.1	TP53	rs1042522;12351	1/1	c.-939C>G	.
TP53 (HGNC:11998)	chr17:7579468-7579477	NM_000546.6	17	7579472.0	NM_001126117.1	TP53	rs1042522;12351	1/1	c.-939C>G	.
TSC1 (HGNC:12362)	chr9:135772715-135772720	NM_000368.5	9	135772717.0	NM_000368.5	TSC1	rs4962081;49006	0/1	c.2829C>T	p.Ala943Ala
TSC1 (HGNC:12362)	chr9:135772715-135772720	NM_000368.5	9	135772717.0	NM_001162426.2	TSC1	rs4962081;49006	0/1	c.2826C>T	p.Ala942Ala
TSC1 (HGNC:12362)	chr9:135772715-135772720	NM_000368.5	9	135772717.0	NM_001162427.2	TSC1	rs4962081;49006	0/1	c.2676C>T	p.Ala892Ala
TSC1 (HGNC:12362)	chr9:135772715-135772720	NM_000368.5	9	135772717.0	NM_001362177.2	TSC1	rs4962081;49006	0/1	c.2466C>T	p.Ala822Ala
TSC2 (HGNC:12363)	chr16:2114405-2114410	NM_000548.5	16	2114407.0	NM_000548.5	TSC2	rs34012042;49162	0/1	c.1578C>T	p.Ser526Ser
TSC2 (HGNC:12363)	chr16:2114405-2114410	NM_000548.5	16	2114407.0	NM_001077183.2	TSC2	rs34012042;49162	0/1	c.1578C>T	p.Ser526Ser
TSC2 (HGNC:12363)	chr16:2114405-2114410	NM_000548.5	16	2114407.0	NM_001114382.2	TSC2	rs34012042;49162	0/1	c.1578C>T	p.Ser526Ser
TSC2 (HGNC:12363)	chr16:2114405-2114410	NM_000548.5	16	2114407.0	NM_001318827.1	TSC2	rs34012042;49162	0/1	c.1467C>T	p.Ser489Ser
TSC2 (HGNC:12363)	chr16:2114405-2114410	NM_000548.5	16	2114407.0	NM_001318829.1	TSC2	rs34012042;49162	0/1	c.1431C>T	p.Ser477Ser
TSC2 (HGNC:12363)	chr16:2114405-2114410	NM_000548.5	16	2114407.0	NM_001318831.1	TSC2	rs34012042;49162	0/1	c.978C>T	p.Ser326Ser
TSC2 (HGNC:12363)	chr16:2114405-2114410	NM_000548.5	16	2114407.0	NM_001363528.1	TSC2	rs34012042;49162	0/1	c.1578C>T	p.Ser526Ser
TSC2 (HGNC:12363)	chr16:2114405-2114410	NM_000548.5	16	2114407.0	NM_021055.2	TSC2	rs34012042;49162	0/1	c.1578C>T	p.Ser526Ser
TSC2 (HGNC:12363)	chr16:2114405-2114410	NM_000548.5	16	2114407.0	NM_001370404.1	TSC2	rs34012042;49162	0/1	c.1578C>T	p.Ser526Ser
TSC2 (HGNC:12363)	chr16:2114405-2114410	NM_000548.5	16	2114407.0	NM_001370405.1	TSC2	rs34012042;49162	0/1	c.1578C>T	p.Ser526Ser
TSC2 (HGNC:12363)	chr16:2114405-2114410	NM_000548.5	16	2114407.0	NM_001318832.1	TSC2	rs34012042;49162	0/1	c.1611C>T	p.Ser537Ser
TTN (HGNC:12403)	chr2:179643770-179643780	NM_133379.5	2	179643775.0	NM_001267550.2	TTN	rs36021856;47018	0/1	c.4034G>A	p.Gly1345Asp
TTN (HGNC:12403)	chr2:179643770-179643780	NM_133379.5	2	179643775.0	NM_001256850.1	TTN	rs36021856;47018	0/1	c.4034G>A	p.Gly1345Asp
TTN (HGNC:12403)	chr2:179643770-179643780	NM_133379.5	2	179643775.0	NM_003319.4	TTN	rs36021856;47018	0/1	c.3896G>A	p.Gly1299Asp
TTN (HGNC:12403)	chr2:179643770-179643780	NM_133379.5	2	179643775.0	NM_133378.4	TTN	rs36021856;47018	0/1	c.4034G>A	p.Gly1345Asp
TTN (HGNC:12403)	chr2:179643770-179643780	NM_133379.5	2	179643775.0	NM_133432.3	TTN	rs36021856;47018	0/1	c.3896G>A	p.Gly1299Asp
TTN (HGNC:12403)	chr2:179643770-179643780	NM_133379.5	2	179643775.0	NM_133437.4	TTN	rs36021856;47018	0/1	c.3896G>A	p.Gly1299Asp
TTN (HGNC:12403)	chr2:179643770-179643780	NM_133379.5	2	179643775.0	NM_133379.5	TTN	rs36021856;47018	0/1	c.4034G>A	p.Gly1345Asp
VHL (HGNC:12687)	chr3:10183707-10183720	NM_000551.4								
WAS (HGNC:12731)	chrX:48542314-48542319	NM_000377.3								
WT1 (HGNC:12796)	chr11:32417943-32417947	NM_024426.6								
